war_id,war_name,war_type,war_type_code,start_date,end_date,belligerents_side1,belligerents_side2,initiator,outcome,side_a_deaths,side_b_deaths,total_deaths,where_fought,source_file
IN500,First Caucasus,Intra-State War (国内战争-地方政府),5,1818-06-10,1822-01-01,Russia,"Georgians, Dhagestania, Chechens",,胜利 (Victory),5000,6000,11000,西欧 (Western Europe),Intra-StateWarData_v4.1.csv
IN501,Sidon-Damascus,Intra-State War (国内战争-非政府),6,1820-06-01,1821-07-21,Sidon,Damascus & Aleppo,,失败 (Defeat),-9,-9,-18,中东/北非 (Middle East/North Africa),Intra-StateWarData_v4.1.csv
IN502,First Two Sicilies,Intra-State War (国内战争-中央政府),4,1821-03-01,1821-03-23,Austria; Two Sicilies,-8; Liberals,,胜利 (Victory),-18,-17,-35,西欧 (Western Europe),Intra-StateWarData_v4.1.csv
IN503,Spanish Royalists,Intra-State War (国内战争-中央政府),4,1821-12-01,1823-04-06,Spain,Royalists,,转型 (Transformed),-9,-9,-18,西欧 (Western Europe),Intra-StateWarData_v4.1.csv
IN505,Sardinian Revolt,Intra-State War (国内战争-中央政府),4,1821-03-10,1821-05-08,Austria; Sardinia,-8; Carbonari,,胜利 (Victory),-18,-17,-35,西欧 (Western Europe),Intra-StateWarData_v4.1.csv
IN506,Greek Independence,Intra-State War (国内战争-地方政府),5,1821-03-25,1828-04-25,Ottoman Empire; -8; -8; -8,Greeks; United Kingdom; France; Russia,,转型 (Transformed),5976,3180,9156,西欧 (Western Europe),Intra-StateWarData_v4.1.csv
IN507,Egypt-Mehdi,Intra-State War (国内战争-非政府),6,1824-03-20,1824-04-01,Egypt,Mehdi army,,胜利 (Victory),-9,-9,-18,中东/北非 (Middle East/North Africa),Intra-StateWarData_v4.1.csv
IN508,Janissari Revolt,Intra-State War (国内战争-中央政府),4,1826-06-14,1826-09-30,Ottoman Empire,Janissaries,,胜利 (Victory),300,6000,6300,中东/北非 (Middle East/North Africa),Intra-StateWarData_v4.1.csv
IN510,Miguelite War,Intra-State War (国内战争-中央政府),4,1831-07-01,1834-05-26,-8; Portugal,United Kingdom; Constitutionalists,,失败 (Defeat),11992,8100,20092,西欧 (Western Europe),Intra-StateWarData_v4.1.csv
IN511,First Murid War,Intra-State War (国内战争-地方政府),5,1830-01-01,1832-10-17,Russia,Ghazi Muhammad,,胜利 (Victory),1000,500,1500,西欧 (Western Europe),Intra-StateWarData_v4.1.csv
IN512,First Albanian Revolt,Intra-State War (国内战争-地方政府),5,1830-02-01,1831-11-01,Ottoman Empire,Albanians,,胜利 (Victory),5000,10000,15000,西欧 (Western Europe),Intra-StateWarData_v4.1.csv
IN513,First French Insurrection,Intra-State War (国内战争-中央政府),4,1830-07-25,1830-07-29,France,Liberals,,失败 (Defeat),400,1800,2200,西欧 (Western Europe),Intra-StateWarData_v4.1.csv
IN515,Belgian Independence,Intra-State War (国内战争-地方政府),5,1830-08-25,1830-11-04,Netherlands,Belgians,,失败 (Defeat),500,600,1100,西欧 (Western Europe),Intra-StateWarData_v4.1.csv
IN516,Egyptian Taka Expedition,Intra-State War (国内战争-非政府),6,1831-01-01,1832-01-01,Egypt,Hadendowa,,失败 (Defeat),1500,-9,1491,中东/北非 (Middle East/North Africa),Intra-StateWarData_v4.1.csv
IN517,First Polish,Intra-State War (国内战争-地方政府),5,1831-02-07,1831-10-18,Russia,Poles,,胜利 (Victory),15000,20000,35000,西欧 (Western Europe),Intra-StateWarData_v4.1.csv
IN518,First Syrian,Intra-State War (国内战争-地方政府),5,1831-10-01,1832-12-27,Ottoman Empire,Egyptians & Bashir,,失败 (Defeat),8000,4000,12000,中东/北非 (Middle East/North Africa),Intra-StateWarData_v4.1.csv
IN520,First Mexican,Intra-State War (国内战争-中央政府),4,1832-01-02,1832-12-11,Mexico,Liberals,,失败 (Defeat),-9,-9,-18,北美 (North America),Intra-StateWarData_v4.1.csv
IN521,Egypt- Palestinian Anti-Conscription Revolt,Intra-State War (国内战争-非政府),6,1834-04-19,1834-10-01,Palestinians,Egypt,,失败 (Defeat),1500,500,2000,中东/北非 (Middle East/North Africa),Intra-StateWarData_v4.1.csv
IN522,First Carlist War,Intra-State War (国内战争-中央政府),4,1835-10-15,1836-02-15,Portugal; Spain; France; United Kingdom,-8; Carlists; -8; -8,,胜利 (Victory),75250,59976,135226,西欧 (Western Europe),Intra-StateWarData_v4.1.csv
IN523,Second Murid,Intra-State War (国内战争-地方政府),5,1834-09-26,1834-10-27,Russia,Shamil,,释放 (Released),-9,-9,-18,西欧 (Western Europe),Intra-StateWarData_v4.1.csv
IN525,Cabanos Revolt,Intra-State War (国内战争-地方政府),5,1835-01-06,1837-05-01,Brazil,Cabanos,,胜利 (Victory),-9,-9,-18,北美 (North America),Intra-StateWarData_v4.1.csv
IN526,Farroupilha War,Intra-State War (国内战争-地方政府),5,1835-09-19,1845-03-01,Brazil,Farrapos,,胜利 (Victory),-9,-9,-18,北美 (North America),Intra-StateWarData_v4.1.csv
IN527,Texan,Intra-State War (国内战争-地方政府),5,1835-10-01,1836-04-22,Mexico,Texans,,失败 (Defeat),1500,700,2200,北美 (North America),Intra-StateWarData_v4.1.csv
IN528,First Bosnian,Intra-State War (国内战争-地方政府),5,1836-01-01,1837-01-01,Ottoman Empire,Bosnians,,胜利 (Victory),-9,-9,-18,西欧 (Western Europe),Intra-StateWarData_v4.1.csv
IN530,Third Murid,Intra-State War (国内战争-地方政府),5,1836-07-01,1852-01-01,Russia,Shamil,,胜利 (Victory),15000,-9,14991,西欧 (Western Europe),Intra-StateWarData_v4.1.csv
IN531,Sabinada Rebellion,Intra-State War (国内战争-地方政府),5,1837-11-07,1838-03-13,Brazil,Bahian Sabinada,,胜利 (Victory),600,1200,1800,北美 (North America),Intra-StateWarData_v4.1.csv
IN532,Druze Rebellion,Intra-State War (国内战争-非政府),6,1837-09-27,1838-08-22,Egypt & Bashir,Druze,,胜利 (Victory),15000,-9,14991,中东/北非 (Middle East/North Africa),Intra-StateWarData_v4.1.csv
IN533,"Second Syrian, Phase 1",Intra-State War (国内战争-地方政府),5,1839-06-10,1839-06-24,Ottoman Empire,Egypt,,失败 (Defeat),2000,1000,3000,中东/北非 (Middle East/North Africa),Intra-StateWarData_v4.1.csv
IN535,Lebanon Insurgency,Intra-State War (国内战争-非政府),6,1840-05-27,1840-07-13,Lebanese Maronites,Amir Bashir & Egypt,,失败 (Defeat),3500,1000,4500,中东/北非 (Middle East/North Africa),Intra-StateWarData_v4.1.csv
IN536,First Colombian,Intra-State War (国内战争-中央政府),4,1840-07-15,1842-07-15,Colombia,Progressives,,失败 (Defeat),-9,-9,-18,北美 (North America),Intra-StateWarData_v4.1.csv
IN537,"Second Syrian, Phase 2",Intra-State War (国内战争-地方政府),5,1840-09-09,1840-11-27,United Kingdom; Ottoman Empire,-8; Egypt,,胜利 (Victory),8014,18992,27006,中东/北非 (Middle East/North Africa),Intra-StateWarData_v4.1.csv
IN538,"First Argentina War, Phase 2",Intra-State War (国内战争-中央政府),4,1841-01-01,1842-12-06,Argentina,Unitarios,,胜利 (Victory),300,3000,3300,北美 (North America),Intra-StateWarData_v4.1.csv
IN540,Second Bosnian,Intra-State War (国内战争-地方政府),5,1841-01-01,1841-01-01,Ottoman Empire,Bosnians,,胜利 (Victory),-9,-9,-18,西欧 (Western Europe),Intra-StateWarData_v4.1.csv
IN541,Triangular Revolt,Intra-State War (国内战争-中央政府),4,1841-09-04,1841-10-06,Mexico,Military,,失败 (Defeat),-9,-9,-18,北美 (North America),Intra-StateWarData_v4.1.csv
IN542,Karbala Revolt,Intra-State War (国内战争-地方政府),5,1842-12-19,1843-01-13,Ottoman Empire,Karbala,,胜利 (Victory),1600,3000,4600,中东/北非 (Middle East/North Africa),Intra-StateWarData_v4.1.csv
IN543,First Maronite-Druze,Intra-State War (国内战争-非政府),7,1845-04-30,1845-05-31,Maronites,Druze,,失败 (Defeat),2000,1000,3000,中东/北非 (Middle East/North Africa),Intra-StateWarData_v4.1.csv
IN545,"Mayan Caste War, Phase 1",Intra-State War (国内战争-非政府),6,1847-01-15,1848-08-16,Mayans,Yucutan,,转型 (Transformed),-9,1800,1791,北美 (North America),Intra-StateWarData_v4.1.csv
IN546,Second Carlist,Intra-State War (国内战争-中央政府),4,1847-05-15,1849-05-01,Spain,Carlists,,胜利 (Victory),3000,7000,10000,西欧 (Western Europe),Intra-StateWarData_v4.1.csv
IN547,Second Two Sicilies,Intra-State War (国内战争-中央政府),4,1848-01-12,1848-01-27,Two Sicilies,Liberals,,胜利 (Victory),1500,-9,1491,西欧 (Western Europe),Intra-StateWarData_v4.1.csv
IN548,First Venezuelan,Intra-State War (国内战争-中央政府),4,1848-02-04,1849-08-15,Venezuela,Paez led Conservatives ,,胜利 (Victory),1500,-9,1491,北美 (North America),Intra-StateWarData_v4.1.csv
IN550,Viennese Revolt,Intra-State War (国内战争-中央政府),4,1848-03-13,1848-10-31,Austria,Viennese,,胜利 (Victory),249,3000,3249,西欧 (Western Europe),Intra-StateWarData_v4.1.csv
IN551,Milan Five Day Revolt,Intra-State War (国内战争-地方政府),5,1848-03-18,1848-03-23,Austria,Milan,,转型 (Transformed),600,430,1030,西欧 (Western Europe),Intra-StateWarData_v4.1.csv
IN552,Second French Insurrection,Intra-State War (国内战争-中央政府),4,1848-06-23,1848-06-26,France,Radicals,,胜利 (Victory),1200,1600,2800,西欧 (Western Europe),Intra-StateWarData_v4.1.csv
IN553,"Mayan Caste War, Phase 2",Intra-State War (国内战争-地方政府),5,1848-08-17,1855-03-04,Mexico,Yucatan Maya,,胜利 (Victory),-9,-9,-18,北美 (North America),Intra-StateWarData_v4.1.csv
IN554,Hungarian,Intra-State War (国内战争-地方政府),5,1848-09-09,1849-08-13,Austria; Russia,Hungary; -8,,胜利 (Victory),60500,19992,80492,西欧 (Western Europe),Intra-StateWarData_v4.1.csv
IN555,First Chilean,Intra-State War (国内战争-中央政府),4,1851-09-05,1851-12-15,Chile,Liberals,,胜利 (Victory),1500,2500,4000,北美 (North America),Intra-StateWarData_v4.1.csv
IN556,First Turco-Montenegrin,Intra-State War (国内战争-地方政府),5,1852-12-02,1853-03-13,Ottoman Empire,Montenegro & Hercegovina,,失败 (Defeat),-9,-9,-18,西欧 (Western Europe),Intra-StateWarData_v4.1.csv
IN557,First Peru,Intra-State War (国内战争-中央政府),4,1853-12-21,1855-01-07,Peru,Liberals,,失败 (Defeat),-9,-9,-18,北美 (North America),Intra-StateWarData_v4.1.csv
IN558,Puebla War,Intra-State War (国内战争-中央政府),4,1855-12-11,1856-03-21,Mexico,Puebla,,胜利 (Victory),600,3000,3600,北美 (North America),Intra-StateWarData_v4.1.csv
IN560,Second Peru,Intra-State War (国内战争-中央政府),4,1856-10-31,1858-03-07,Peru,Conservatives,,胜利 (Victory),-9,-9,-18,北美 (North America),Intra-StateWarData_v4.1.csv
IN561,Mexican Reform,Intra-State War (国内战争-中央政府),4,1858-02-15,1861-01-01,Mexico,Liberals,,转型 (Transformed),-9,-9,-18,北美 (North America),Intra-StateWarData_v4.1.csv
IN562,Second Turco-Montenegrin,Intra-State War (国内战争-地方政府),5,1858-05-04,1859-06-01,Ottoman Empire,Montenegrins,,失败 (Defeat),3000,1400,4400,西欧 (Western Europe),Intra-StateWarData_v4.1.csv
IN563,Second Venezuelan/Federalist,Intra-State War (国内战争-中央政府),4,1859-02-01,1863-05-23,Venezuela,Liberals,,失败 (Defeat),15000,5000,20000,北美 (North America),Intra-StateWarData_v4.1.csv
IN565,Second Colombian,Intra-State War (国内战争-中央政府),4,1860-05-15,1861-07-18,Colombia,Liberals,,失败 (Defeat),-9,-9,-18,北美 (North America),Intra-StateWarData_v4.1.csv
IN566,Second Maronite-Druze,Intra-State War (国内战争-非政府),7,1860-05-26,1860-07-12,Maronites,Druze,,失败 (Defeat),8000,1500,9500,中东/北非 (Middle East/North Africa),Intra-StateWarData_v4.1.csv
IN567,"Taiping Rebellion, Phase 2",Intra-State War (国内战争-中央政府),4,1860-10-25,1866-02-09,China; United Kingdom,Taipings; -8,,胜利 (Victory),26025,84992,111017,亚洲 (Asia),Intra-StateWarData_v4.1.csv
IN568,Second Nien Revolt,Intra-State War (国内战争-地方政府),5,1860-10-25,1868-08-16,China,Niens,,胜利 (Victory),-9,-9,-18,亚洲 (Asia),Intra-StateWarData_v4.1.csv
IN570,Miao Revolt Phase 2,Intra-State War (国内战争-地方政府),5,1860-10-25,1872-05-01,China,Miaos,,胜利 (Victory),-9,-9,-18,亚洲 (Asia),Intra-StateWarData_v4.1.csv
IN571,Panthay Rebellion Phase 2,Intra-State War (国内战争-地方政府),5,1860-10-25,1872-12-26,China,Muslims (Hui),,胜利 (Victory),-9,-9,-18,亚洲 (Asia),Intra-StateWarData_v4.1.csv
IN572,U.S. Civil War,Intra-State War (国内战争-地方政府),5,1861-04-10,1865-04-09,United States of America,Confederacy,,胜利 (Victory),360000,258000,618000,北美 (North America),Intra-StateWarData_v4.1.csv
IN573,Third Buenos Aires,Intra-State War (国内战争-地方政府),5,1861-08-20,1861-12-02,Argentina,Buenos Aires,,失败 (Defeat),500,500,1000,北美 (North America),Intra-StateWarData_v4.1.csv
IN575,Third Turco-Montenegrin,Intra-State War (国内战争-地方政府),5,1861-12-01,1862-08-31,Turkey,Montenegro,,妥协 (Compromise),-9,-9,-18,西欧 (Western Europe),Intra-StateWarData_v4.1.csv
IN576,Tungan Rebellion,Intra-State War (国内战争-地方政府),5,1862-05-01,1873-10-24,China,Muslims  in Sinkiang,,胜利 (Victory),-9,-9,-18,亚洲 (Asia),Intra-StateWarData_v4.1.csv
IN577,Sioux-Minnesota,Intra-State War (国内战争-非政府),6,1862-08-17,1862-09-26,Santee Sioux,Settlers & militia,,失败 (Defeat),217,851,1068,北美 (North America),Intra-StateWarData_v4.1.csv
IN578,Bolivan Perez Rebellion,Intra-State War (国内战争-中央政府),4,1862-09-15,1862-09-15,Boliva,Gregorio Perez's followers,,胜利 (Victory),-9,-9,-18,北美 (North America),Intra-StateWarData_v4.1.csv
IN580,Second Polish,Intra-State War (国内战争-地方政府),5,1863-01-22,1864-04-19,Russia,Poles,,胜利 (Victory),10000,6500,16500,西欧 (Western Europe),Intra-StateWarData_v4.1.csv
IN581,Second Argentina,Intra-State War (国内战争-中央政府),4,1863-04-02,1863-11-12,Argentina,Montoneros,,胜利 (Victory),-9,-9,-18,北美 (North America),Intra-StateWarData_v4.1.csv
IN582,Xinjiang Muslim Revolt,Intra-State War (国内战争-地方政府),5,1871-06-24,1871-07-03,Russia; China,-8; Muslims,,失败 (Defeat),-18,-17,-35,亚洲 (Asia),Intra-StateWarData_v4.1.csv
IN583,First  Cretan,Intra-State War (国内战争-地方政府),5,1866-05-29,1867-02-22,Ottoman Empire,Cretans,,胜利 (Victory),-9,-9,-18,西欧 (Western Europe),Intra-StateWarData_v4.1.csv
IN585,Yellow Cliff Revolt,Intra-State War (国内战争-地方政府),5,1866-10-01,,China,Zhang Jizhong's followers,,胜利 (Victory),-9,-9,-18,亚洲 (Asia),Intra-StateWarData_v4.1.csv
IN586,Third Argentina,Intra-State War (国内战争-中央政府),4,1866-12-15,1867-10-15,Argentina,Montoneros,,胜利 (Victory),-9,-9,-18,北美 (North America),Intra-StateWarData_v4.1.csv
IN587,Queretaro,Intra-State War (国内战争-中央政府),4,1867-02-06,1867-05-14,Mexico,Liberals,,失败 (Defeat),1500,1000,2500,北美 (North America),Intra-StateWarData_v4.1.csv
IN588,Meiji Restoration,Intra-State War (国内战争-中央政府),4,1868-01-03,1868-07-04,Japan,Tokugawa,,胜利 (Victory),-9,-9,-18,亚洲 (Asia),Intra-StateWarData_v4.1.csv
IN590,Third Venezuelan,Intra-State War (国内战争-中央政府),4,1868-01-11,1868-08-14,Venezuela,Conservatives,,失败 (Defeat),-9,-9,-18,北美 (North America),Intra-StateWarData_v4.1.csv
IN591,Spanish Liberals,Intra-State War (国内战争-中央政府),4,1868-09-18,1868-09-29,Spain,Liberals,,失败 (Defeat),-9,-9,-18,西欧 (Western Europe),Intra-StateWarData_v4.1.csv
IN592,Guerre des Cacos,Intra-State War (国内战争-中央政府),4,1869-02-01,1869-12-18,Haiti,Black peasants,,失败 (Defeat),-9,-9,-18,北美 (North America),Intra-StateWarData_v4.1.csv
IN593,Fourth Argentina,Intra-State War (国内战争-地方政府),5,1870-05-20,1871-03-13,Argentina,Entre Rios Province,,胜利 (Victory),-9,-9,-18,北美 (North America),Intra-StateWarData_v4.1.csv
IN595,Bolivia-Criollos,Intra-State War (国内战争-中央政府),4,1870-11-24,1871-01-15,Bolivia,Crillos,,失败 (Defeat),-9,-9,-18,北美 (North America),Intra-StateWarData_v4.1.csv
IN596,Paris Commune,Intra-State War (国内战争-中央政府),4,1871-04-02,1871-05-29,France,Communards,,胜利 (Victory),879,25000,25879,西欧 (Western Europe),Intra-StateWarData_v4.1.csv
IN597,Third Carlist,Intra-State War (国内战争-中央政府),4,1872-04-20,1876-02-20,Spain,Carlists,,胜利 (Victory),7000,43000,50000,西欧 (Western Europe),Intra-StateWarData_v4.1.csv
IN598,Catonalist Uprising,Intra-State War (国内战争-地方政府),5,1874-01-01,1875-01-01,Spain,Rebel cities (cantons),,胜利 (Victory),-9,-9,-18,西欧 (Western Europe),Intra-StateWarData_v4.1.csv
IN600,Fifth Argentina,Intra-State War (国内战争-中央政府),4,1874-09-01,1874-11-06,Argentina,Mitre led Rebels,,胜利 (Victory),-9,-9,-18,北美 (North America),Intra-StateWarData_v4.1.csv
IN601,Bosnia & Bulgaria Revolt,Intra-State War (国内战争-地方政府),5,1875-06-30,1876-06-29,Ottoman Empire,Bosnia & Bulgaria,,转型 (Transformed),6000,3000,9000,西欧 (Western Europe),Intra-StateWarData_v4.1.csv
IN602,Diaz Revolt,Intra-State War (国内战争-中央政府),4,1876-03-01,1876-11-23,Mexico,Rebels,,失败 (Defeat),1900,-9,1891,北美 (North America),Intra-StateWarData_v4.1.csv
IN603,Defeat of Xinjiang Muslims,Intra-State War (国内战争-地方政府),5,1876-04-01,1877-12-01,China,Muslims,,胜利 (Victory),-9,-9,-18,亚洲 (Asia),Intra-StateWarData_v4.1.csv
IN605,Third Colombian,Intra-State War (国内战争-中央政府),4,1876-07-26,1877-07-01,Colombia,Conservatives,,胜利 (Victory),2100,1770,3870,北美 (North America),Intra-StateWarData_v4.1.csv
IN607,Satsuma Rebellion,Intra-State War (国内战争-地方政府),5,1877-01-29,1877-09-24,Japan,Satsumas,,胜利 (Victory),7000,10000,17000,亚洲 (Asia),Intra-StateWarData_v4.1.csv
IN608,Argentine Indians,Intra-State War (国内战争-地方政府),5,1879-04-06,1880-07-08,Argentina,Indians,,胜利 (Victory),200,1500,1700,北美 (North America),Intra-StateWarData_v4.1.csv
IN610,Fourth Buenos Aires,Intra-State War (国内战争-地方政府),5,1880-06-21,1880-07-21,Argentina,Buenos Aires,,胜利 (Victory),400,800,1200,北美 (North America),Intra-StateWarData_v4.1.csv
IN611,Haitian Civil War,Intra-State War (国内战争-中央政府),4,1883-03-27,1884-01-08,Haiti,Liberals,,胜利 (Victory),8000,100,8100,北美 (North America),Intra-StateWarData_v4.1.csv
IN612,Fourth Colombian,Intra-State War (国内战争-中央政府),4,1884-11-15,1885-08-26,Colombia,Liberals,,胜利 (Victory),300,700,1000,北美 (North America),Intra-StateWarData_v4.1.csv
IN613,Peru's National Problem,Intra-State War (国内战争-地方政府),5,1885-03-02,1885-05-25,Peru,Indians,,胜利 (Victory),200,2000,2200,北美 (North America),Intra-StateWarData_v4.1.csv
IN616,First Yemen Rebellion,Intra-State War (国内战争-地方政府),5,1890-04-01,1892-09-01,Ottoman Empire,Zaidi Imam,,胜利 (Victory),-9,-9,-18,中东/北非 (Middle East/North Africa),Intra-StateWarData_v4.1.csv
IN617,Second Chilean,Intra-State War (国内战争-中央政府),4,1891-01-07,1891-08-29,Chile,Congressists,,失败 (Defeat),1000,700,1700,北美 (North America),Intra-StateWarData_v4.1.csv
IN618,Zaili-Jinden Revolt,Intra-State War (国内战争-地方政府),5,1891-11-11,1891-12-27,China,Zaili & Jindan Sects,,胜利 (Victory),500,10000,10500,亚洲 (Asia),Intra-StateWarData_v4.1.csv
IN620,Brazil Federalists,Intra-State War (国内战争-地方政府),5,1893-02-02,1894-08-31,Brazil,Rio Grande do Sul,,胜利 (Victory),1500,-9,1491,北美 (North America),Intra-StateWarData_v4.1.csv
IN621,Brazil Naval,Intra-State War (国内战争-中央政府),4,1893-09-06,1894-04-16,Brazil,Naval Royalists,,胜利 (Victory),1000,-9,991,北美 (North America),Intra-StateWarData_v4.1.csv
IN623,Tonghak Rebellion,Intra-State War (国内战争-中央政府),4,1894-10-24,1894-11-28,Japan; Korea,-8; Tonghak Society,,胜利 (Victory),-18,-17,-35,亚洲 (Asia),Intra-StateWarData_v4.1.csv
IN625,Third Peru,Intra-State War (国内战争-中央政府),4,1894-10-15,1895-03-19,Peru,Liberals,,失败 (Defeat),-9,-9,-18,北美 (North America),Intra-StateWarData_v4.1.csv
IN626,Fifth Colombian,Intra-State War (国内战争-中央政府),4,1895-01-22,1895-03-15,Colombia,Liberals,,胜利 (Victory),400,800,1200,北美 (North America),Intra-StateWarData_v4.1.csv
IN627,Ecuador Liberals,Intra-State War (国内战争-中央政府),4,1895-02-18,1895-09-22,Ecuador,liberal caudillos,,失败 (Defeat),900,100,1000,北美 (North America),Intra-StateWarData_v4.1.csv
IN628,First Gansu Muslim,Intra-State War (国内战争-地方政府),5,1895-04-01,1896-04-01,China,Gansu Muslims,,胜利 (Victory),-9,-9,-18,亚洲 (Asia),Intra-StateWarData_v4.1.csv
IN630,Druze-Turkish,Intra-State War (国内战争-地方政府),5,1895-10-01,1896-01-01,Ottoman Empire,Druze,,胜利 (Victory),-9,-9,-18,中东/北非 (Middle East/North Africa),Intra-StateWarData_v4.1.csv
IN631,Second Cretan,Intra-State War (国内战争-地方政府),5,1896-03-10,1897-02-14,Ottoman Empire,Cretan Muslims,,转型 (Transformed),-9,-9,-18,西欧 (Western Europe),Intra-StateWarData_v4.1.csv
IN632,Third Brazil-Canudos,Intra-State War (国内战争-地方政府),5,1896-10-01,1897-10-05,Brazil,Canudos,,胜利 (Victory),2200,3000,5200,北美 (North America),Intra-StateWarData_v4.1.csv
IN633,Fourth Venezuelan,Intra-State War (国内战争-中央政府),4,1899-05-24,1899-10-22,Venezuela,Castro Led Rebels,,失败 (Defeat),1200,900,2100,北美 (North America),Intra-StateWarData_v4.1.csv
IN635,Second Yaqui War,Intra-State War (国内战争-地方政府),5,1899-07-21,1900-01-18,Mexico,Yaqui Indians,,胜利 (Victory),100,1500,1600,北美 (North America),Intra-StateWarData_v4.1.csv
IN636,Sixth Colombian (War of the 1000 Days),Intra-State War (国内战争-中央政府),4,1899-10-17,1902-11-21,Colombia,Liberals,,胜利 (Victory),47000,53000,100000,北美 (North America),Intra-StateWarData_v4.1.csv
IN638,Fifth Venezuelan,Intra-State War (国内战争-中央政府),4,1901-12-19,1903-07-19,Venezuela,Matos Led Rebels,,胜利 (Victory),1000,3000,4000,北美 (North America),Intra-StateWarData_v4.1.csv
IN640,Ilinden,Intra-State War (国内战争-地方政府),5,1903-08-02,1903-11-02,Ottoman Empire,IMRO Rebels,,胜利 (Victory),5330,1000,6330,西欧 (Western Europe),Intra-StateWarData_v4.1.csv
IN641,First Uruguay,Intra-State War (国内战争-中央政府),4,1904-01-01,1904-09-01,Uruguay,Blancos,,胜利 (Victory),-9,-9,-18,北美 (North America),Intra-StateWarData_v4.1.csv
IN642,Second Yemen Rebellion,Intra-State War (国内战争-地方政府),5,1904-11-08,1906-01-10,Ottoman Empire,Imam Yahya's forces,,僵局 (Stalemate),30000,-9,29991,中东/北非 (Middle East/North Africa),Intra-StateWarData_v4.1.csv
IN643,Bloody Sunday,Intra-State War (国内战争-中央政府),4,1905-01-22,1906-01-01,Russia,Workers/Peasants,,胜利 (Victory),1500,-9,1491,西欧 (Western Europe),Intra-StateWarData_v4.1.csv
IN645,Romanian Peasant Revolt,Intra-State War (国内战争-中央政府),4,1907-03-15,1907-04-30,Romania,Peasants,,胜利 (Victory),2000,-9,1991,西欧 (Western Europe),Intra-StateWarData_v4.1.csv
IN646,Overthrow of Abd el-Aziz,Intra-State War (国内战争-中央政府),4,1907-08-07,1908-06-15,France; Morocco,-8; Mulai el-Hafid,,失败 (Defeat),600,792,1392,中东/北非 (Middle East/North Africa),Intra-StateWarData_v4.1.csv
IN647,Iranian Constitution War,Intra-State War (国内战争-中央政府),4,1909-04-30,1909-07-17,Russia; Iran,-8; Constitutionalists,,失败 (Defeat),91,-17,74,中东/北非 (Middle East/North Africa),Intra-StateWarData_v4.1.csv
IN648,Young Turks Counter-coup,Intra-State War (国内战争-中央政府),4,1909-04-14,1909-04-28,Ottoman Empire,Anti-government troops,,胜利 (Victory),-9,-9,-18,中东/北非 (Middle East/North Africa),Intra-StateWarData_v4.1.csv
IN650,Second Albanian Revolt,Intra-State War (国内战争-地方政府),5,1910-03-01,1912-10-16,Ottoman Empire,Albania,,转型 (Transformed),-9,-9,-18,西欧 (Western Europe),Intra-StateWarData_v4.1.csv
IN651,Asir-Yemen Revolt,Intra-State War (国内战争-地方政府),5,1910-10-15,1911-10-09,Ottoman Empire,Yemen & Asir Imam Ibn Idris & Sayyid Muhammad,,僵局 (Stalemate),7000,2000,9000,中东/北非 (Middle East/North Africa),Intra-StateWarData_v4.1.csv
IN652,Third Mexican,Intra-State War (国内战争-中央政府),4,1910-11-20,1914-07-15,Mexico,Liberals & Radicals,,失败 (Defeat),56250,37500,93750,北美 (North America),Intra-StateWarData_v4.1.csv
IN656,Paraguay,Intra-State War (国内战争-中央政府),4,1911-07-15,1912-05-11,Paraguay,Radicals,,失败 (Defeat),4000,1000,5000,北美 (North America),Intra-StateWarData_v4.1.csv
IN657,First Nationalist,Intra-State War (国内战争-中央政府),4,1911-10-11,1911-12-31,China,Nat. Rel. Alliance,,失败 (Defeat),800,200,1000,亚洲 (Asia),Intra-StateWarData_v4.1.csv
IN658,Cuban Black Uprising,Intra-State War (国内战争-地方政府),5,1912-05-20,1912-06-27,Cuba,Patri do Indepentente,,胜利 (Victory),50,1000,1050,北美 (North America),Intra-StateWarData_v4.1.csv
IN670,Ecuadorian Civil War,Intra-State War (国内战争-地方政府),5,1912-01-01,1914-01-01,Ecuador,Esmeraldas province,,胜利 (Victory),-9,-9,-18,北美 (North America),Intra-StateWarData_v4.1.csv
IN671,Second Nationalist,Intra-State War (国内战争-中央政府),4,1913-07-12,1913-09-01,China,Republicans,,胜利 (Victory),-9,-9,-18,亚洲 (Asia),Intra-StateWarData_v4.1.csv
IN672,China Pai Ling (White Wolf),Intra-State War (国内战争-地方政府),5,1914-03-15,1914-09-15,China,Pai-Lings,,胜利 (Victory),-9,-9,-18,亚洲 (Asia),Intra-StateWarData_v4.1.csv
IN673,Fourth Mexican,Intra-State War (国内战争-中央政府),4,1915-03-15,1917-02-05,United States; Mexico,-8; Conventionists,,胜利 (Victory),18765,12492,31257,北美 (North America),Intra-StateWarData_v4.1.csv
IN675,Southern China Revolt,Intra-State War (国内战争-地方政府),5,1916-01-01,1918-11-17,China,Yunnan Rebels,,胜利 (Victory),-9,-9,-18,亚洲 (Asia),Intra-StateWarData_v4.1.csv
IN676,Russia-Turkestan,Intra-State War (国内战争-地方政府),5,1916-07-04,1917-02-27,Russia,Kirghiz & Kazaks,,胜利 (Victory),350,1000,1350,西欧 (Western Europe),Intra-StateWarData_v4.1.csv
IN677,Russian Civil War,Intra-State War (国内战争-中央政府),4,1919-04-15,1919-04-30,-8; -8; USSR; -8; -8; -8,Finland; Japan; Anti-Bolsheviks; United Kingdom; United States of America; France,,胜利 (Victory),474960,327225,802185,西欧 (Western Europe),Intra-StateWarData_v4.1.csv
IN680,Finnish Civil War,Intra-State War (国内战争-中央政府),4,1918-04-03,1918-05-16,Germany; -8; Finland,-8; USSR; Red Guard,,胜利 (Victory),6242,8892,15134,西欧 (Western Europe),Intra-StateWarData_v4.1.csv
IN681,Western Ukrainian,Intra-State War (国内战争-非政府),6,1918-11-01,1919-02-13,Ukraine Poles,Ukrainians,,转型 (Transformed),-9,-9,-18,西欧 (Western Europe),Intra-StateWarData_v4.1.csv
IN682,Sparticist Rising,Intra-State War (国内战争-非政府),7,1919-01-06,,Socialists,German Freikorps,,失败 (Defeat),2100,70,2170,西欧 (Western Europe),Intra-StateWarData_v4.1.csv
IN683,Hungary's Red Terror,Intra-State War (国内战争-中央政府),4,1919-03-25,1920-02-15,Hungary,Anti-Communists,,失败 (Defeat),1000,500,1500,西欧 (Western Europe),Intra-StateWarData_v4.1.csv
IN685,First Chinese Warlord,Intra-State War (国内战争-非政府),7,1920-07-14,1920-07-19,Anhui army,Chihli & Fengtien,,失败 (Defeat),-9,-9,-18,亚洲 (Asia),Intra-StateWarData_v4.1.csv
IN686,Green Rebellion,Intra-State War (国内战争-地方政府),5,1920-08-01,1921-08-01,USSR,Peasants in Ta,,胜利 (Victory),1700,5000,6700,西欧 (Western Europe),Intra-StateWarData_v4.1.csv
IN687,Gilan Marxists,Intra-State War (国内战争-中央政府),4,1920-08-10,1921-11-11,-8; Iran,USSR; SSRI,,胜利 (Victory),-17,-18,-35,中东/北非 (Middle East/North Africa),Intra-StateWarData_v4.1.csv
IN688,Italian Fascist,Intra-State War (国内战争-非政府),7,1920-10-01,1922-10-01,Blackshirts,Leftists,,胜利 (Victory),300,3000,3300,西欧 (Western Europe),Intra-StateWarData_v4.1.csv
IN690,Kronstadt Rebellion,Intra-State War (国内战争-地方政府),5,1921-03-07,1921-03-18,USSR,Sailors,,胜利 (Victory),2000,600,2600,西欧 (Western Europe),Intra-StateWarData_v4.1.csv
IN691,Bashmachi in Turkestan,Intra-State War (国内战争-地方政府),5,1921-11-10,1923-07-01,USSR,Basmachi/Enver Pasha,,胜利 (Victory),1000,2500,3500,西欧 (Western Europe),Intra-StateWarData_v4.1.csv
IN692,Second Chinese Warlord,Intra-State War (国内战争-非政府),7,1922-04-08,1922-05-05,Chihli army,Fengtien army,,胜利 (Victory),-9,-9,-18,亚洲 (Asia),Intra-StateWarData_v4.1.csv
IN693,Agrarian Rising,Intra-State War (国内战争-中央政府),4,1923-09-23,1923-09-28,Bulgaria,Agrarian League,,胜利 (Victory),-9,-9,-18,西欧 (Western Europe),Intra-StateWarData_v4.1.csv
IN695,De La Huerta Rebellion,Intra-State War (国内战争-中央政府),4,1923-12-04,1924-02-01,Mexico,Huerta Led Rebels,,胜利 (Victory),-9,-9,-18,北美 (North America),Intra-StateWarData_v4.1.csv
IN696,Honduran Conservative,Intra-State War (国内战争-中央政府),4,1924-02-09,1924-03-31,Honduras,Conservatives,,失败 (Defeat),-9,-9,-18,北美 (North America),Intra-StateWarData_v4.1.csv
IN697,First Afghan Anti-Reform,Intra-State War (国内战争-中央政府),4,1924-03-15,1925-01-15,Afghanistan,Khost rebels (anti-reformists),,胜利 (Victory),-9,-9,-18,亚洲 (Asia),Intra-StateWarData_v4.1.csv
IN698,Third Chinese Warlord,Intra-State War (国内战争-非政府),6,1925-10-15,1926-04-20,Feng Yu-Lxiang army,Chang Tso-lin army,,失败 (Defeat),-9,-9,-18,亚洲 (Asia),Intra-StateWarData_v4.1.csv
IN700,Chinese Northern Expedition,Intra-State War (国内战争-中央政府),4,1926-07-01,1928-06-30,War Lord Gov't.; -8,Guomindang; Japan,,失败 (Defeat),77992,48500,126492,亚洲 (Asia),Intra-StateWarData_v4.1.csv
IN701,Cristeros Revolt,Intra-State War (国内战争-中央政府),4,1926-08-31,1929-06-21,Mexico,Cristeros,,妥协 (Compromise),6000,4000,10000,北美 (North America),Intra-StateWarData_v4.1.csv
IN702,Ethiopian Northern Resistance,Intra-State War (国内战争-地方政府),5,1928-08-01,1930-04-01,Ethiopia,Northern Resistance,,胜利 (Victory),-9,-9,-18,中东/北非 (Middle East/North Africa),Intra-StateWarData_v4.1.csv
IN703,Second Gansu Muslim,Intra-State War (国内战争-地方政府),5,1928-01-01,1930-01-01,China,Gansu Muslims,,胜利 (Victory),-9,-9,-18,亚洲 (Asia),Intra-StateWarData_v4.1.csv
IN705,Second Afghan Anti-Reform,Intra-State War (国内战争-中央政府),4,1928-11-10,1929-10-15,Afghanistan,Habibullah (anti-reformists),,胜利 (Victory),7500,7500,15000,亚洲 (Asia),Intra-StateWarData_v4.1.csv
IN706,Intra-Guomindang,Intra-State War (国内战争-中央政府),4,1929-03-01,1930-11-04,China,War Lords,,胜利 (Victory),-9,-9,-18,亚洲 (Asia),Intra-StateWarData_v4.1.csv
IN707,Escobar Rebellion,Intra-State War (国内战争-中央政府),4,1929-03-03,1929-05-04,Mexico,Escobar Led Rebels,,胜利 (Victory),400,1600,2000,北美 (North America),Intra-StateWarData_v4.1.csv
IN708,Ikhwan Revolt,Intra-State War (国内战争-中央政府),4,1929-03-30,1930-01-10,Saudi Arabia,Ikhwan,,胜利 (Victory),500,5000,5500,中东/北非 (Middle East/North Africa),Intra-StateWarData_v4.1.csv
IN710,"Chinese Civil War, Phase 1",Intra-State War (国内战争-中央政府),4,1930-11-15,1936-12-31,China,Communists,,僵局 (Stalemate),200000,300000,500000,亚洲 (Asia),Intra-StateWarData_v4.1.csv
IN711,Xinjiang Muslim Revolt,Intra-State War (国内战争-地方政府),5,1934-01-01,1934-08-01,USSR; China,-8; Central Asian Rebels,,胜利 (Victory),11000,9992,20992,亚洲 (Asia),Intra-StateWarData_v4.1.csv
IN712,Matanza,Intra-State War (国内战争-中央政府),4,1932-01-20,1932-01-29,El Salvador,Leftists,,胜利 (Victory),100,2500,2600,北美 (North America),Intra-StateWarData_v4.1.csv
IN713,Aprista Revolt,Intra-State War (国内战争-中央政府),4,1932-05-07,1932-07-17,Peru,Aprista Rebels,,胜利 (Victory),100,1000,1100,北美 (North America),Intra-StateWarData_v4.1.csv
IN715,Paulista Rebellion,Intra-State War (国内战争-中央政府),4,1932-06-09,1932-08-31,Brazil,Paolistas,,胜利 (Victory),-9,-9,-18,北美 (North America),Intra-StateWarData_v4.1.csv
IN716,Fukien Revolt,Intra-State War (国内战争-中央政府),4,1934-01-05,1934-01-15,China,19th Route Army,,胜利 (Victory),-9,-9,-18,亚洲 (Asia),Intra-StateWarData_v4.1.csv
IN717,Spanish Miners,Intra-State War (国内战争-地方政府),5,1934-10-04,1934-10-08,Spain,Asturian Miners,,胜利 (Victory),284,1051,1335,西欧 (Western Europe),Intra-StateWarData_v4.1.csv
IN718,Spanish Civil War,Intra-State War (国内战争-中央政府),4,1936-07-18,1939-03-29,Spain; -8; -8; -8,Falange; Portugal; Germany; Italy,,失败 (Defeat),285976,180300,466276,西欧 (Western Europe),Intra-StateWarData_v4.1.csv
IN720,Greek Civil War,Intra-State War (国内战争-中央政府),4,1944-12-05,1945-01-11,United Kingdom; Greece,-8; Communists,,胜利 (Victory),18207,49992,68199,西欧 (Western Europe),Intra-StateWarData_v4.1.csv
IN721,Polish Ukrainians,Intra-State War (国内战争-地方政府),5,1945-05-08,1947-11-18,Poland; USSR,UPA; -8,,胜利 (Victory),16000,8692,24692,西欧 (Western Europe),Intra-StateWarData_v4.1.csv
IN722,Ukrainian Partisans,Intra-State War (国内战争-地方政府),5,1945-05-08,1947-12-31,USSR,UPA,,胜利 (Victory),35000,-9,34991,西欧 (Western Europe),Intra-StateWarData_v4.1.csv
IN723,Forest Brethren,Intra-State War (国内战争-地方政府),5,1945-05-08,1951-12-31,USSR,Baltic Guerillas,,胜利 (Victory),14700,17700,32400,西欧 (Western Europe),Intra-StateWarData_v4.1.csv
IN725,"Chinese Civil War, Phase 2",Intra-State War (国内战争-中央政府),4,1946-03-15,1950-04-21,China,Communists,,失败 (Defeat),327600,872400,1200000,亚洲 (Asia),Intra-StateWarData_v4.1.csv
IN726,Taiwan Revolt,Intra-State War (国内战争-地方政府),5,1947-02-28,1947-03-21,China,Taiwanese,,胜利 (Victory),250,1000,1250,亚洲 (Asia),Intra-StateWarData_v4.1.csv
IN727,Paraguay,Intra-State War (国内战争-中央政府),4,1947-03-07,1947-08-20,Paraguay,Leftists,,胜利 (Victory),-9,-9,-18,北美 (North America),Intra-StateWarData_v4.1.csv
IN728,Yemeni Imamate,Intra-State War (国内战争-中央政府),4,1948-02-17,1948-03-20,Yemen,Anti-Imam Coalition,,胜利 (Victory),-9,-9,-18,中东/北非 (Middle East/North Africa),Intra-StateWarData_v4.1.csv
IN730,Costa Rica,Intra-State War (国内战争-中央政府),4,1948-03-12,1948-04-17,Costa Rica,National Union Party,,失败 (Defeat),1500,500,2000,北美 (North America),Intra-StateWarData_v4.1.csv
IN731,"Seventh Colombian ""La Violencia""",Intra-State War (国内战争-中央政府),4,1948-04-09,1958-08-07,Colombia,Liberals,,胜利 (Victory),9800,20000,29800,北美 (North America),Intra-StateWarData_v4.1.csv
IN732,First Burmese,Intra-State War (国内战争-地方政府),5,1948-08-15,1951-07-31,Burma,Karens & Communists,,胜利 (Victory),-9,-9,-18,亚洲 (Asia),Intra-StateWarData_v4.1.csv
IN733,South Moluccas,Intra-State War (国内战争-地方政府),5,1950-05-31,1950-11-03,Indonesia,Moluccans,,胜利 (Victory),-9,-9,-18,亚洲 (Asia),Intra-StateWarData_v4.1.csv
IN735,Hukbalahap Rebellion,Intra-State War (国内战争-中央政府),4,1950-09-01,1954-05-01,Philippines,Huks,,胜利 (Victory),1600,9700,11300,亚洲 (Asia),Intra-StateWarData_v4.1.csv
IN737,Bolivia,Intra-State War (国内战争-中央政府),4,1952-04-08,1952-04-11,Bolivia,Leftists,,失败 (Defeat),-9,-9,-18,北美 (North America),Intra-StateWarData_v4.1.csv
IN738,Indonesia Darul Islam,Intra-State War (国内战争-中央政府),4,1953-09-20,1953-11-23,Indonesia,Darul Islam,,胜利 (Victory),1700,1000,2700,亚洲 (Asia),Intra-StateWarData_v4.1.csv
IN740,Argentine Military,Intra-State War (国内战争-中央政府),4,1955-06-15,1955-09-19,Argentina,Military,,失败 (Defeat),-9,-9,-18,北美 (North America),Intra-StateWarData_v4.1.csv
IN741,Tibetan Khamba Rebellion,Intra-State War (国内战争-地方政府),5,1956-03-01,1959-04-14,China,Khamba Tibetans,,胜利 (Victory),4000,12000,16000,亚洲 (Asia),Intra-StateWarData_v4.1.csv
IN742,Indonesian Leftists,Intra-State War (国内战争-中央政府),4,1956-12-15,1962-06-04,Indonesia,Leftists,,胜利 (Victory),3700,23500,27200,亚洲 (Asia),Intra-StateWarData_v4.1.csv
IN743,First Lebanese,Intra-State War (国内战争-中央政府),4,1958-07-16,1958-09-15,United States of America; Lebanon,-8; National Front,,胜利 (Victory),-8,-17,-25,中东/北非 (Middle East/North Africa),Intra-StateWarData_v4.1.csv
IN745,Cuban Revolution,Intra-State War (国内战争-中央政府),4,1958-05-24,1959-01-02,Cuba,Castroites,,失败 (Defeat),2000,1000,3000,北美 (North America),Intra-StateWarData_v4.1.csv
IN746,Second Burmese,Intra-State War (国内战争-中央政府),4,1958-11-01,1960-04-01,Burma,Karens & Communists,,释放 (Released),850,2300,3150,亚洲 (Asia),Intra-StateWarData_v4.1.csv
IN747,Iraq-Shammar,Intra-State War (国内战争-中央政府),4,1959-03-06,1959-03-10,Iraq,Shammar Tribe & Pro-WesternOfficers,,胜利 (Victory),-9,-9,-18,中东/北非 (Middle East/North Africa),Intra-StateWarData_v4.1.csv
IN748,Vietnam Phase 1,Intra-State War (国内战争-中央政府),4,1961-01-01,1965-02-06,"United States of America; Vietnam, Republic of",-8; NLF,,转型 (Transformed),23806,76892,100698,亚洲 (Asia),Intra-StateWarData_v4.1.csv
IN750,First DRC (Zaire),Intra-State War (国内战争-地方政府),5,1960-07-11,1960-09-14,-8; Zaire,Belgium; Katanga & Leftists,,胜利 (Victory),-17,41,24,拉美 (Latin America),Intra-StateWarData_v4.1.csv
IN751,First Laotian,Intra-State War (国内战争-中央政府),4,1961-05-01,1962-06-15,-8; Laos,"Vietnam, Democratic Rep.; Pathet Lao",,妥协 (Compromise),3992,991,4983,亚洲 (Asia),Intra-StateWarData_v4.1.csv
IN752,First Iraqi Kurd,Intra-State War (国内战争-地方政府),5,1961-09-11,1963-11-22,Iraq,Kurds,,僵局 (Stalemate),500,2000,2500,中东/北非 (Middle East/North Africa),Intra-StateWarData_v4.1.csv
IN753,Algerian Revolutionaries,Intra-State War (国内战争-中央政府),4,1962-07-28,1963-01-15,Algeria,ALN,,失败 (Defeat),800,700,1500,中东/北非 (Middle East/North Africa),Intra-StateWarData_v4.1.csv
IN755,North Yemen,Intra-State War (国内战争-中央政府),4,1962-12-15,1967-10-16,Egypt/United Arab Republic; Yemen Arab Republic,-8; Royalists,,胜利 (Victory),9991,-17,9974,中东/北非 (Middle East/North Africa),Intra-StateWarData_v4.1.csv
IN756,Second Laotian Phase 1,Intra-State War (国内战争-中央政府),4,1964-05-19,1968-01-12,United States of America; Laos; -8,"-8; Pathet Lao; Vietnam, Democratic Rep.",,转型 (Transformed),11442,9492,20934,亚洲 (Asia),Intra-StateWarData_v4.1.csv
IN757,First Ogaden,Intra-State War (国内战争-地方政府),5,1963-11-01,1964-03-30,-8; Ethiopia,Somalia; Ogaden,,胜利 (Victory),-17,-18,-35,拉美 (Latin America),Intra-StateWarData_v4.1.csv
IN758,First South Sudan,Intra-State War (国内战争-地方政府),5,1963-10-01,1972-02-28,Sudan,Anya Nya,,妥协 (Compromise),-9,-9,-18,中东/北非 (Middle East/North Africa),Intra-StateWarData_v4.1.csv
IN760,Second DRC (Jeunesse),Intra-State War (国内战争-地方政府),5,1963-10-01,1965-01-01,Congo,Juenesse warriors,,胜利 (Victory),-9,-9,-18,拉美 (Latin America),Intra-StateWarData_v4.1.csv
IN761,First Rwanda,Intra-State War (国内战争-中央政府),4,1963-11-15,1964-02-06,Rwanda,Watusi,,胜利 (Victory),100,900,1000,拉美 (Latin America),Intra-StateWarData_v4.1.csv
IN762,Third DRC (Simba) Rebellion,Intra-State War (国内战争-中央政府),4,1964-11-24,1965-09-14,Belgium; Congo,-8; Gbenye followers,,胜利 (Victory),254,3992,4246,拉美 (Latin America),Intra-StateWarData_v4.1.csv
IN763,Zanzibar Arab-African,Intra-State War (国内战争-中央政府),4,1964-01-12,1964-01-15,Zanzibar,Africans,,失败 (Defeat),-9,-9,-18,拉美 (Latin America),Intra-StateWarData_v4.1.csv
IN765,Second Iraqi Kurds,Intra-State War (国内战争-地方政府),5,1965-04-03,1966-06-21,Iraq,Kurds,,妥协 (Compromise),500,2500,3000,中东/北非 (Middle East/North Africa),Intra-StateWarData_v4.1.csv
IN766,Dominican Republic,Intra-State War (国内战争-中央政府),4,1965-04-29,1965-09-06,United States of America; Dominican Republic,-8; Leftists,,释放 (Released),2527,-17,2510,北美 (North America),Intra-StateWarData_v4.1.csv
IN767,First West Papua,Intra-State War (国内战争-地方政府),5,1965-07-26,1969-07-17,Indonesia,"OPM, West Papua",,僵局 (Stalemate),-9,-9,-18,亚洲 (Asia),Intra-StateWarData_v4.1.csv
IN768,First Uganda,Intra-State War (国内战争-地方政府),5,1966-05-23,1966-06-01,Uganda,Buganda Tribe,,胜利 (Victory),-9,-9,-18,拉美 (Latin America),Intra-StateWarData_v4.1.csv
IN770,First Guatemala,Intra-State War (国内战争-中央政府),4,1966-10-01,1968-08-01,United States; Guatemala,-8; Leftists,,胜利 (Victory),228,792,1020,北美 (North America),Intra-StateWarData_v4.1.csv
IN771,First Chad (FROLINAT) Rebellion,Intra-State War (国内战争-地方政府),5,1968-08-01,1971-06-16,France; Chad,-8; Frolinat Rebels,,胜利 (Victory),550,2992,3542,拉美 (Latin America),Intra-StateWarData_v4.1.csv
IN772,Cultural Revolution Phase 1,Intra-State War (国内战争-非政府),6,1967-01-09,1967-09-04,Red Guard,Regional military,,转型 (Transformed),-9,-9,-18,亚洲 (Asia),Intra-StateWarData_v4.1.csv
IN773,Third Burmese,Intra-State War (国内战争-地方政府),5,1967-06-01,1980-10-22,Burma,Karens & Communists,,释放 (Released),6800,22400,29200,亚洲 (Asia),Intra-StateWarData_v4.1.csv
IN775,Biafra,Intra-State War (国内战争-地方政府),5,1967-07-06,1970-01-12,Nigeria,Biafrans,,胜利 (Victory),-9,-9,-18,拉美 (Latin America),Intra-StateWarData_v4.1.csv
IN776,Cultural Revolution Phase 2,Intra-State War (国内战争-中央政府),4,1967-09-05,1968-09-01,China,Red Guard,,胜利 (Victory),-9,-9,-18,亚洲 (Asia),Intra-StateWarData_v4.1.csv
IN777,Third Iraqi Kurds,Intra-State War (国内战争-地方政府),5,1969-01-03,1970-03-11,Iraq,Kurds,,妥协 (Compromise),800,3200,4000,中东/北非 (Middle East/North Africa),Intra-StateWarData_v4.1.csv
IN778,Naxalite Rebellion,Intra-State War (国内战争-地方政府),5,1970-02-01,1971-11-01,India,Naxalite Marxists,,胜利 (Victory),100,2000,2100,亚洲 (Asia),Intra-StateWarData_v4.1.csv
IN780,Black September,Intra-State War (国内战争-中央政府),4,1970-09-20,1970-09-23,-8; Jordan,Syria; Palestinians,,胜利 (Victory),742,2790,3532,中东/北非 (Middle East/North Africa),Intra-StateWarData_v4.1.csv
IN781,Second Guatemala,Intra-State War (国内战争-中央政府),4,1970-11-15,1971-09-15,Guatemala,Leftists,,胜利 (Victory),50,950,1000,北美 (North America),Intra-StateWarData_v4.1.csv
IN782,Pakistan-Bengal,Intra-State War (国内战争-地方政府),5,1971-03-25,1971-12-02,Pakistan,Bengalis,,转型 (Transformed),2500,-9,2491,亚洲 (Asia),Intra-StateWarData_v4.1.csv
IN783,First Sri Lanka-JVP,Intra-State War (国内战争-中央政府),4,1971-04-06,1971-05-16,Sri Lanka,Janatha Vimukthi- JVP,,胜利 (Victory),53,4000,4053,亚洲 (Asia),Intra-StateWarData_v4.1.csv
IN785,Khmer Rouge,Intra-State War (国内战争-中央政府),4,1971-07-03,1973-08-15,United States of America; Cambodia,-8; Khmer Rouge,,失败 (Defeat),45375,39992,85367,亚洲 (Asia),Intra-StateWarData_v4.1.csv
IN786,First Philippine-Moro,Intra-State War (国内战争-地方政府),5,1972-01-01,1981-04-19,Philippines,MNLF Moros,,胜利 (Victory),10000,20000,30000,亚洲 (Asia),Intra-StateWarData_v4.1.csv
IN787,Communist Insurgency,Intra-State War (国内战争-中央政府),4,1972-01-01,1973-10-15,Thailand,Communists,,僵局 (Stalemate),1500,700,2200,亚洲 (Asia),Intra-StateWarData_v4.1.csv
IN788,Eritrean Split,Intra-State War (国内战争-非政府),7,1972-02-01,1974-01-01,ELF,EPLF,,僵局 (Stalemate),-9,-9,-18,拉美 (Latin America),Intra-StateWarData_v4.1.csv
IN789,First Burundi,Intra-State War (国内战争-中央政府),4,1972-04-29,1972-05-25,Burundi,Hutu,,胜利 (Victory),500,1500,2000,拉美 (Latin America),Intra-StateWarData_v4.1.csv
IN790,Philippines-NPA,Intra-State War (国内战争-中央政府),4,1972-10-01,1992-12-31,Philippines,NPA,,僵局 (Stalemate),9000,22000,31000,亚洲 (Asia),Intra-StateWarData_v4.1.csv
IN791,Rhodesia,Intra-State War (国内战争-中央政府),4,1972-12-28,1979-12-28,Rhodesia,Patriotic Front,,失败 (Defeat),1000,10000,11000,拉美 (Latin America),Intra-StateWarData_v4.1.csv
IN792,Baluchi Separatists,Intra-State War (国内战争-地方政府),5,1973-01-23,1977-07-01,Pakistan,Baluchi Rebels,,胜利 (Victory),3300,5300,8600,亚洲 (Asia),Intra-StateWarData_v4.1.csv
IN793,Chilean Coup of 1973,Intra-State War (国内战争-中央政府),4,1973-09-11,1973-09-15,Chile,Pinochet led military,,失败 (Defeat),400,3000,3400,北美 (North America),Intra-StateWarData_v4.1.csv
IN795,Dhofar Rebellion Phase 2,Intra-State War (国内战争-地方政府),5,1973-10-01,1975-12-11,United Kingdom; Iran; Oman,-8; -8; PFLOAG,,胜利 (Victory),505,2484,2989,中东/北非 (Middle East/North Africa),Intra-StateWarData_v4.1.csv
IN797,Fourth Iraqi Kurds,Intra-State War (国内战争-地方政府),5,1974-03-18,1975-03-06,-8; Iraq,Iran; Kurds,,胜利 (Victory),6992,12991,19983,中东/北非 (Middle East/North Africa),Intra-StateWarData_v4.1.csv
IN798,Eritrean War,Intra-State War (国内战争-地方政府),5,1976-12-05,1978-12-01,Cuba; Ethiopia,-8; Eritrean Peo. Lib.,,胜利 (Victory),6091,6392,12483,拉美 (Latin America),Intra-StateWarData_v4.1.csv
IN800,Argentine Leftists,Intra-State War (国内战争-中央政府),4,1975-02-01,1977-03-01,Argentina,"Montoneros, ERP",,胜利 (Victory),250,2600,2850,北美 (North America),Intra-StateWarData_v4.1.csv
IN801,Second Lebanese,Intra-State War (国内战争-非政府),7,1975-04-13,1976-11-15,Maronite militias; Syria,Lebanese National Movement; -8,,妥协 (Compromise),491,-17,474,中东/北非 (Middle East/North Africa),Intra-StateWarData_v4.1.csv
IN802,Second West Papua,Intra-State War (国内战争-地方政府),5,1976-01-01,1978-04-14,Indonesia,"OPR, West Papua",,僵局 (Stalemate),100,2000,2100,亚洲 (Asia),Intra-StateWarData_v4.1.csv
IN803,Third Laotian,Intra-State War (国内战争-地方政府),5,1976-04-01,1979-05-01,Laos; Vietnam,Hmong; -8,,胜利 (Victory),2000,4992,6992,亚洲 (Asia),Intra-StateWarData_v4.1.csv
IN804,Angolan Control,Intra-State War (国内战争-中央政府),4,1976-02-13,1991-05-15,Cuba; Angola; -8,-8; UNITA; South Africa,,妥协 (Compromise),5483,783,6266,拉美 (Latin America),Intra-StateWarData_v4.1.csv
IN805,Second Ogaden Phase 1,Intra-State War (国内战争-地方政府),5,1976-07-01,1977-07-22,Cuba; -8; Ethiopia,-8; Somalia; WSLF,,转型 (Transformed),10492,21892,32384,拉美 (Latin America),Intra-StateWarData_v4.1.csv
IN806,East Timorese War Phase 3,Intra-State War (国内战争-地方政府),5,1976-07-18,1979-05-26,Indonesia,Fretilin,,胜利 (Victory),1800,-9,1791,亚洲 (Asia),Intra-StateWarData_v4.1.csv
IN807,Third Lebanese,Intra-State War (国内战争-非政府),7,1978-02-01,1978-10-04,Lebanese Forces; -8; Israel,PLO & Shiite militia; Syria; -8,,僵局 (Stalemate),1483,1592,3075,中东/北非 (Middle East/North Africa),Intra-StateWarData_v4.1.csv
IN808,Second Ogaden Phase 3,Intra-State War (国内战争-地方政府),5,1978-03-10,1980-12-03,Cuba; Ethiopia; -8,"-8; Ogaden, WSLF; Somalia",,胜利 (Victory),1983,21992,23975,拉美 (Latin America),Intra-StateWarData_v4.1.csv
IN809,Third Guatemala,Intra-State War (国内战争-中央政府),4,1978-03-12,1984-04-13,Guatemala,The Democratic Front Against Repression (FDCR),,胜利 (Victory),1250,4750,6000,北美 (North America),Intra-StateWarData_v4.1.csv
IN810,Saur Revolution,Intra-State War (国内战争-中央政府),4,1978-04-27,1978-04-28,Afghanistan,Leftist Military,,失败 (Defeat),1800,1200,3000,亚洲 (Asia),Intra-StateWarData_v4.1.csv
IN811,Fourth DRC (Shaba),Intra-State War (国内战争-中央政府),4,1978-05-20,1978-06-06,Belgium; France; DRC,-8; -8; FNLC,,胜利 (Victory),96,884,980,拉美 (Latin America),Intra-StateWarData_v4.1.csv
IN812,First Afghan Mujahideen Uprising,Intra-State War (国内战争-中央政府),4,1979-03-15,1980-02-21,Russia; Afghanistan,-8; Mujahideen,,转型 (Transformed),13800,21192,34992,亚洲 (Asia),Intra-StateWarData_v4.1.csv
IN813,Overthrow of the Shah,Intra-State War (国内战争-中央政府),4,1978-09-03,1979-02-11,Iran,Anti-Shah Coalition,,失败 (Defeat),100,1000,1100,中东/北非 (Middle East/North Africa),Intra-StateWarData_v4.1.csv
IN815,Sandinista Rebellion,Intra-State War (国内战争-中央政府),4,1978-09-09,1979-07-18,Nicaragua,Sandinistas,,失败 (Defeat),1000,3000,4000,北美 (North America),Intra-StateWarData_v4.1.csv
IN816,Anti-Khomeini Coalition,Intra-State War (国内战争-中央政府),4,1979-02-12,1984-03-01,Iran,Anti-Khmoneini Coalition: Fedayeen Kalq & Kurds,,胜利 (Victory),-9,-9,-18,中东/北非 (Middle East/North Africa),Intra-StateWarData_v4.1.csv
IN817,El Salvador,Intra-State War (国内战争-中央政府),4,1979-07-01,1992-02-01,El Salvador,Salvadorean Democratic Front,,妥协 (Compromise),-9,-9,-18,北美 (North America),Intra-StateWarData_v4.1.csv
IN818,Mozambique,Intra-State War (国内战争-中央政府),4,1985-01-01,1992-10-04,Tanzania; Mozambique; Zimbabwe,-8; Renamo; -8,,胜利 (Victory),541,-25,516,拉美 (Latin America),Intra-StateWarData_v4.1.csv
IN820,Second Chad (Habre Revolt),Intra-State War (国内战争-地方政府),5,1983-08-09,1984-09-01,-8; Chad; Libya,France; FAN; -8,,失败 (Defeat),4492,1692,6184,拉美 (Latin America),Intra-StateWarData_v4.1.csv
IN822,Second Uganda,Intra-State War (国内战争-地方政府),5,1980-12-08,1986-03-19,Uganda,National Resistance Army,,失败 (Defeat),40000,6000,46000,拉美 (Latin America),Intra-StateWarData_v4.1.csv
IN823,Nigeria-Muslim,Intra-State War (国内战争-地方政府),5,1980-12-18,1981-01-01,Nigeria,Muslim fundamentalists,,胜利 (Victory),50,1000,1050,拉美 (Latin America),Intra-StateWarData_v4.1.csv
IN825,Hama,Intra-State War (国内战争-中央政府),4,1981-11-01,1982-02-23,Syria,Muslim Brotherhood,,胜利 (Victory),1000,2000,3000,中东/北非 (Middle East/North Africa),Intra-StateWarData_v4.1.csv
IN826,Tigrean and Eritrean,Intra-State War (国内战争-地方政府),5,1982-01-23,1991-05-28,Ethiopia,Tigray & Eritrea,,失败 (Defeat),10000,65000,75000,拉美 (Latin America),Intra-StateWarData_v4.1.csv
IN827,Shining Path,Intra-State War (国内战争-中央政府),4,1982-03-04,1992-09-12,Peru,Shining Path & TARM,,胜利 (Victory),4000,12000,16000,北美 (North America),Intra-StateWarData_v4.1.csv
IN828,Contra War,Intra-State War (国内战争-中央政府),4,1982-03-18,1990-04-19,Nicaragua,Contras,,僵局 (Stalemate),7000,25200,32200,北美 (North America),Intra-StateWarData_v4.1.csv
IN831,Matabeleland,Intra-State War (国内战争-中央政府),4,1983-01-01,1987-12-27,Zimbabwe,ZAPU,,胜利 (Victory),-9,-9,-18,拉美 (Latin America),Intra-StateWarData_v4.1.csv
IN832,Fourth Burmese,Intra-State War (国内战争-地方政府),5,1983-02-01,1988-01-01,Burma,Karen & Kachin Rebels,,胜利 (Victory),2800,1200,4000,亚洲 (Asia),Intra-StateWarData_v4.1.csv
IN833,Fourth Lebanese Civil,Intra-State War (国内战争-中央政府),4,1983-04-18,1984-02-29,United States; France; Lebanon,-8; -8; Shi'ites & Druze,,失败 (Defeat),359,-25,334,中东/北非 (Middle East/North Africa),Intra-StateWarData_v4.1.csv
IN835,First Sri Lanka Tamil,Intra-State War (国内战争-地方政府),5,1987-07-25,1990-05-24,India; Sri Lanka,-8; Tamils,,妥协 (Compromise),9655,16992,26647,亚洲 (Asia),Intra-StateWarData_v4.1.csv
IN836,Second South Sudan,Intra-State War (国内战争-中央政府),4,1983-11-17,1991-08-27,Sudan,SPLA-Garang faction,,妥协 (Compromise),-9,-9,-18,中东/北非 (Middle East/North Africa),Intra-StateWarData_v4.1.csv
IN837,Indian Golden Temple,Intra-State War (国内战争-地方政府),5,1984-06-01,1984-07-30,India,Sikhs,,僵局 (Stalemate),-9,1200,1191,亚洲 (Asia),Intra-StateWarData_v4.1.csv
IN838,First Turkish Kurds,Intra-State War (国内战争-地方政府),5,1984-08-14,1986-03-01,Turkey,"Kurds, PKK",,释放 (Released),1500,9000,10500,中东/北非 (Middle East/North Africa),Intra-StateWarData_v4.1.csv
IN840,Fifth Iraqi  Kurds,Intra-State War (国内战争-地方政府),5,1985-01-01,1988-07-17,-8; Iraq,Iran; Kurds,,胜利 (Victory),-17,-18,-35,中东/北非 (Middle East/North Africa),Intra-StateWarData_v4.1.csv
IN842,South Yemen,Intra-State War (国内战争-中央政府),4,1986-01-13,1986-01-29,Yemen People's Republic,Leftist Factions,,失败 (Defeat),4200,8800,13000,中东/北非 (Middle East/North Africa),Intra-StateWarData_v4.1.csv
IN843,Holy Spirit Movement,Intra-State War (国内战争-中央政府),4,1986-08-01,1987-10-01,Uganda,HSMF,,胜利 (Victory),2000,5000,7000,拉美 (Latin America),Intra-StateWarData_v4.1.csv
IN845,Second Sri Lanka-JVP,Intra-State War (国内战争-中央政府),4,1987-07-29,1989-12-29,Sri Lanka,JVP,,胜利 (Victory),-9,-9,-18,亚洲 (Asia),Intra-StateWarData_v4.1.csv
IN846,Inkatha-ANC,Intra-State War (国内战争-非政府),7,1987-12-20,1994-04-26,Inkatha,ANC,,僵局 (Stalemate),-9,-9,-18,拉美 (Latin America),Intra-StateWarData_v4.1.csv
IN847,Fifth Burmese,Intra-State War (国内战争-中央政府),4,1988-03-01,1988-10-03,Burma,Pro-democracy,,胜利 (Victory),-9,-9,-18,亚洲 (Asia),Intra-StateWarData_v4.1.csv
IN848,First Somalia,Intra-State War (国内战争-中央政府),4,1988-05-26,1991-01-26,Somalia,rebel clans,,失败 (Defeat),-9,-9,-18,拉美 (Latin America),Intra-StateWarData_v4.1.csv
IN850,Fifth Lebanese,Intra-State War (国内战争-中央政府),4,1989-02-01,1990-10-13,-8; Lebanon,Syria; militias,,失败 (Defeat),-17,2650,2633,中东/北非 (Middle East/North Africa),Intra-StateWarData_v4.1.csv
IN851,Second Afghan Mujahideen Uprising,Intra-State War (国内战争-中央政府),4,1989-02-16,2001-10-06,Afghanistan,Mujahadin,,转型 (Transformed),-9,-9,-18,亚洲 (Asia),Intra-StateWarData_v4.1.csv
IN852,Third Chad (Deby Coup),Intra-State War (国内战争-中央政府),4,1989-03-01,1990-12-04,Chad,Deby's MPS,,失败 (Defeat),3000,800,3800,拉美 (Latin America),Intra-StateWarData_v4.1.csv
IN853,First Aceh,Intra-State War (国内战争-地方政府),5,1989-06-01,1991-06-01,Indonesia,GAM,,胜利 (Victory),-9,-9,-18,亚洲 (Asia),Intra-StateWarData_v4.1.csv
IN854,Bougainville Secession,Intra-State War (国内战争-地方政府),5,1989-07-14,1992-09-01,Papua New Guinea,BRA,,释放 (Released),-9,-9,-18,亚洲 (Asia),Intra-StateWarData_v4.1.csv
IN856,Eighth Colombia,Intra-State War (国内战争-地方政府),5,1989-08-19,-007-01-01,Colombia,FARC & Drug Lords,,继续 (Ongoing),10480,17681,28161,北美 (North America),Intra-StateWarData_v4.1.csv
IN857,First Cambodian Civil War,Intra-State War (国内战争-中央政府),4,1989-09-26,1991-10-23,Cambodia,Khmer Rouge & KPNFL,,妥协 (Compromise),-9,-9,-18,亚洲 (Asia),Intra-StateWarData_v4.1.csv
IN858,Romania,Intra-State War (国内战争-中央政府),4,1989-12-18,1989-12-26,Romania,Anti-Ceaucescu Rebels,,失败 (Defeat),300,700,1000,西欧 (Western Europe),Intra-StateWarData_v4.1.csv
IN860,First Liberia,Intra-State War (国内战争-中央政府),4,1989-12-24,1990-11-28,Liberia; Nigeria,NPFL; -8,,释放 (Released),-9,-17,-26,拉美 (Latin America),Intra-StateWarData_v4.1.csv
IN861,Kashmir Insurgents,Intra-State War (国内战争-地方政府),5,1990-09-19,2005-10-08,India,Kashmiri Guerillas,,释放 (Released),6000,21700,27700,亚洲 (Asia),Intra-StateWarData_v4.1.csv
IN862,Shiite and Kurdish,Intra-State War (国内战争-地方政府),5,1991-03-01,1991-03-31,Iraq,Shiites & Kurds,,胜利 (Victory),-9,-9,-18,中东/北非 (Middle East/North Africa),Intra-StateWarData_v4.1.csv
IN863,First Sierra Leone,Intra-State War (国内战争-中央政府),4,1991-03-23,1996-04-23,Sierra Leone,RUF,,胜利 (Victory),-9,-9,-18,拉美 (Latin America),Intra-StateWarData_v4.1.csv
IN864,Croatian Independence,Intra-State War (国内战争-地方政府),5,1991-05-02,1992-01-02,Yugoslavia/Serbia,Croatia,,失败 (Defeat),-9,-9,-18,西欧 (Western Europe),Intra-StateWarData_v4.1.csv
IN865,Second Turkish Kurds,Intra-State War (国内战争-地方政府),5,1991-07-10,1999-02-16,Turkey,"Kurds, PKK",,僵局 (Stalemate),3500,13000,16500,中东/北非 (Middle East/North Africa),Intra-StateWarData_v4.1.csv
IN866,The SPLA Division (Dinka-Nuer) War,Intra-State War (国内战争-非政府),7,1991-08-28,1992-11-01,Garang faction,Nuer faction,,释放 (Released),-9,-9,-18,拉美 (Latin America),Intra-StateWarData_v4.1.csv
IN868,Jukun-Tiv War,Intra-State War (国内战争-非政府),7,1991-10-01,1992-03-01,Jukun,Tiv,,僵局 (Stalemate),-9,-9,-18,拉美 (Latin America),Intra-StateWarData_v4.1.csv
IN870,Second Somalia,Intra-State War (国内战争-中央政府),4,1992-12-13,1995-03-01,Nigeria; Somalia; Pakistan; Australia; France; United States of America; Italy,-8; Aideed Faction; -8; -8; -8; -8; -8,,妥协 (Compromise),34,-57,-23,拉美 (Latin America),Intra-StateWarData_v4.1.csv
IN871,Georgia,Intra-State War (国内战争-中央政府),4,1991-12-26,1992-03-01,Georgia,Reform,,失败 (Defeat),-9,-9,-18,西欧 (Western Europe),Intra-StateWarData_v4.1.csv
IN872,Nagorno-Karabakh,Intra-State War (国内战争-地方政府),5,1991-12-26,1993-02-05,-8; Azerbaijan,Armenia; Nagorno-Karabakh,,转型 (Transformed),6992,4000,10992,西欧 (Western Europe),Intra-StateWarData_v4.1.csv
IN873,Dniestrian Independence,Intra-State War (国内战争-地方政府),5,1991-12-26,1992-07-02,Moldova,Dniestria,,妥协 (Compromise),-9,-9,-18,西欧 (Western Europe),Intra-StateWarData_v4.1.csv
IN875,Algerian Islamic Front,Intra-State War (国内战争-中央政府),4,1992-02-07,1999-06-01,Algeria,Islamic Front,,妥协 (Compromise),-9,-9,-18,中东/北非 (Middle East/North Africa),Intra-StateWarData_v4.1.csv
IN876,Tajikistan,Intra-State War (国内战争-中央政府),4,1993-03-01,1997-06-27,Russia; Tadzhikistan,-8; United Tajik Opposition,,妥协 (Compromise),-18,-17,-35,亚洲 (Asia),Intra-StateWarData_v4.1.csv
IN877,Bosnian-Serb Rebellion,Intra-State War (国内战争-地方政府),5,1992-06-06,1994-12-31,Bosnia; United States; -8; Croatia,Bosnian Serbs; -8; Croatia; -8,,胜利 (Victory),27483,18712,46195,西欧 (Western Europe),Intra-StateWarData_v4.1.csv
IN878,Second Liberia,Intra-State War (国内战争-中央政府),4,1992-10-15,1995-08-19,Liberia; Nigeria,NPFL & ULIMO; -8,,妥协 (Compromise),-18,-17,-35,拉美 (Latin America),Intra-StateWarData_v4.1.csv
IN880,Angolan War of the Cities,Intra-State War (国内战争-中央政府),4,1992-10-28,1994-11-15,Angola,UNITA,,妥协 (Compromise),-9,-9,-18,拉美 (Latin America),Intra-StateWarData_v4.1.csv
IN881,Second Cambodia Civil,Intra-State War (国内战争-中央政府),4,1993-01-29,1997-07-01,Cambodia,Khmer Rouge,,胜利 (Victory),-9,-9,-18,亚洲 (Asia),Intra-StateWarData_v4.1.csv
IN882,Abkhazia Revolt,Intra-State War (国内战争-地方政府),5,1993-08-18,1994-04-14,Georgia,Abkhazia,,失败 (Defeat),5000,3000,8000,西欧 (Western Europe),Intra-StateWarData_v4.1.csv
IN883,Second Burundi,Intra-State War (国内战争-中央政府),4,1993-10-21,1998-06-01,Burundi,Tutsi army,,释放 (Released),-9,-9,-18,拉美 (Latin America),Intra-StateWarData_v4.1.csv
IN885,South Yemeni Secessionist,Intra-State War (国内战争-地方政府),5,1994-02-21,1994-07-07,Yemen,South Yemen,,胜利 (Victory),-9,-9,-18,中东/北非 (Middle East/North Africa),Intra-StateWarData_v4.1.csv
IN886,Second Rwanda,Intra-State War (国内战争-中央政府),4,1994-04-06,1994-07-18,Rwanda,Patriotic Front,,失败 (Defeat),-9,-9,-18,拉美 (Latin America),Intra-StateWarData_v4.1.csv
IN888,First Chechnya,Intra-State War (国内战争-地方政府),5,1994-12-11,1996-08-31,Russia,Chechnya,,失败 (Defeat),4000,6000,10000,西欧 (Western Europe),Intra-StateWarData_v4.1.csv
IN890,Iraqi Kurd Internecine,Intra-State War (国内战争-非政府),7,1994-12-20,1995-08-11,PUK,KDP,,僵局 (Stalemate),-9,-9,-18,中东/北非 (Middle East/North Africa),Intra-StateWarData_v4.1.csv
IN891,Croatia-Krajina War,Intra-State War (国内战争-地方政府),5,1995-05-01,1995-11-01,Croatia,Krajinia Serbs,,胜利 (Victory),-9,-9,-18,西欧 (Western Europe),Intra-StateWarData_v4.1.csv
IN892,Third Liberia,Intra-State War (国内战争-中央政府),4,1996-04-05,1996-08-20,Liberia,NPFL,,妥协 (Compromise),-9,-9,-18,拉美 (Latin America),Intra-StateWarData_v4.1.csv
IN893,Sixth Iraqi Kurds,Intra-State War (国内战争-地方政府),5,1996-08-31,1996-10-23,Iraq,PUK,,僵局 (Stalemate),-9,-9,-18,中东/北非 (Middle East/North Africa),Intra-StateWarData_v4.1.csv
IN895,Fifth DRC,Intra-State War (国内战争-中央政府),4,1997-01-01,1997-01-30,-8; -8; -8; DRC,Uganda; Rwanda; Angola; ADFL,,失败 (Defeat),-33,-36,-69,拉美 (Latin America),Intra-StateWarData_v4.1.csv
IN896,Third Rwanda,Intra-State War (国内战争-中央政府),4,1997-03-17,1998-10-30,Rwanda,Hutu rebels,,胜利 (Victory),300,3000,3300,拉美 (Latin America),Intra-StateWarData_v4.1.csv
IN897,First Congo (Brazzaville),Intra-State War (国内战争-中央政府),4,1997-10-10,1997-10-15,-8; Congo,Angola; FDU (Cobra militia),,失败 (Defeat),-17,-18,-35,拉美 (Latin America),Intra-StateWarData_v4.1.csv
IN898,Second Sierra Leone,Intra-State War (国内战争-中央政府),4,1998-02-06,1999-07-07,Sierra Leone; -8; -8; -8; -8,Kabbah faction; Ghana; Nigeria; Guinea; United Kingdom,,失败 (Defeat),-41,-45,-86,拉美 (Latin America),Intra-StateWarData_v4.1.csv
IN900,Kosovo Independence,Intra-State War (国内战争-地方政府),5,1998-02-28,1999-03-23,Yugoslavia,KLA,,转型 (Transformed),400,800,1200,西欧 (Western Europe),Intra-StateWarData_v4.1.csv
IN902,Guinea-Bissau Military,Intra-State War (国内战争-中央政府),4,1998-06-09,1998-11-01,Guinea; Guinea-Bissau; Senegal,-8; Mané Junta; -8,,失败 (Defeat),-27,-25,-52,拉美 (Latin America),Intra-StateWarData_v4.1.csv
IN905,Africa's World War,Intra-State War (国内战争-中央政府),4,1998-08-24,2002-11-04,Angola; Sudan; Namibia; Zimbabwe; -8; -8; -8; Chad; Democratic Republic of Congo,"-8; -8; -8; -8; Rwanda; Burundi; Uganda; -8; RCD, MLC, et al",,妥协 (Compromise),-78,-76,-154,拉美 (Latin America),Intra-StateWarData_v4.1.csv
IN906,Fourth Chad (Togoimi Revolt),Intra-State War (国内战争-中央政府),4,1998-10-16,2000-04-28,Chad,MDD & MDJT,,释放 (Released),-9,-9,-18,拉美 (Latin America),Intra-StateWarData_v4.1.csv
IN907,Third Angolan,Intra-State War (国内战争-中央政府),4,1998-12-04,2002-02-22,Angola,UNITA,,胜利 (Victory),-9,-9,-18,拉美 (Latin America),Intra-StateWarData_v4.1.csv
IN908,Second Congo (Brazzaville),Intra-State War (国内战争-中央政府),4,1998-12-15,1999-11-16,Congo (Brazzaville),Ninjas and Cocoye militias,,胜利 (Victory),-9,-9,-18,拉美 (Latin America),Intra-StateWarData_v4.1.csv
IN910,Moluccas Sectarian,Intra-State War (国内战争-非政府),7,1999-01-01,2000-08-22,Laskar Jihad,FKM & RMS,,释放 (Released),-9,1800,1791,亚洲 (Asia),Intra-StateWarData_v4.1.csv
IN911,First Nigeria Christian-Muslim,Intra-State War (国内战争-非政府),7,1999-05-01,2000-05-31,Christian Tarok,Muslim Fulani,,胜利 (Victory),-9,-9,-18,拉美 (Latin America),Intra-StateWarData_v4.1.csv
IN912,Second Aceh,Intra-State War (国内战争-地方政府),5,1999-05-03,2002-12-09,Indonesia,GAM,,妥协 (Compromise),330,3500,3830,亚洲 (Asia),Intra-StateWarData_v4.1.csv
IN913,Oromo Liberation,Intra-State War (国内战争-地方政府),5,1999-05-30,1999-08-18,Ethiopia,Oromo Lib. Front,,胜利 (Victory),200,800,1000,拉美 (Latin America),Intra-StateWarData_v4.1.csv
IN915,Second Chechen,Intra-State War (国内战争-地方政府),5,1999-08-07,2003-10-03,Russia,Chechnya,,胜利 (Victory),5000,15000,20000,西欧 (Western Europe),Intra-StateWarData_v4.1.csv
IN916,Second Philippine-Moro,Intra-State War (国内战争-地方政府),5,2000-04-23,2001-06-22,Philippines,MILF,,妥协 (Compromise),-9,-9,-18,亚洲 (Asia),Intra-StateWarData_v4.1.csv
IN917,Guinean,Intra-State War (国内战争-中央政府),4,2000-09-11,2001-04-01,Guinea ,RDFG,,僵局 (Stalemate),-9,-9,-18,拉美 (Latin America),Intra-StateWarData_v4.1.csv
IN918,Third Burundi,Intra-State War (国内战争-中央政府),4,2001-03-21,2003-10-08,Burundi,FNL & FROLINA,,妥协 (Compromise),150,3000,3150,拉美 (Latin America),Intra-StateWarData_v4.1.csv
IN920,Fourth Rwanda,Intra-State War (国内战争-中央政府),4,2001-05-21,2001-09-04,Rwanda,Army for the Liberation of Rwanda,,胜利 (Victory),-9,1800,1791,拉美 (Latin America),Intra-StateWarData_v4.1.csv
IN921,First Nepal Maoist Insurgency,Intra-State War (国内战争-中央政府),4,2001-11-23,2003-01-29,Nepal ,CPN,,僵局 (Stalemate),680,3100,3780,亚洲 (Asia),Intra-StateWarData_v4.1.csv
IN922,Fourth Liberian,Intra-State War (国内战争-中央政府),4,2002-02-01,2003-08-11,Liberia,LURD & MODEL,,失败 (Defeat),-9,-9,-18,拉美 (Latin America),Intra-StateWarData_v4.1.csv
IN923,Ethiopian Anyuaa-Nuer,Intra-State War (国内战争-非政府),7,2002-08-01,2003-01-01,Anyuaa,Nuer,,释放 (Released),-9,-9,-18,拉美 (Latin America),Intra-StateWarData_v4.1.csv
IN925,Cote d'Ivoire Military,Intra-State War (国内战争-中央政府),4,2002-12-11,2004-11-16,France; Cote d'Ivoire,"-8; MPCI, MPIGO, MJP",,失败 (Defeat),209,2492,2701,拉美 (Latin America),Intra-StateWarData_v4.1.csv
IN926,Third Philippine-Moro,Intra-State War (国内战争-地方政府),5,2003-02-11,2003-07-01,Phillippines,MILF & ASG,,释放 (Released),410,590,1000,亚洲 (Asia),Intra-StateWarData_v4.1.csv
IN927,Darfur,Intra-State War (国内战争-地方政府),5,2003-02-26,2006-12-11,Sudan,SLA & JEM,,僵局 (Stalemate),-9,-9,-18,中东/北非 (Middle East/North Africa),Intra-StateWarData_v4.1.csv
IN930,Third Aceh,Intra-State War (国内战争-地方政府),5,2003-05-18,2003-11-18,Indonesia,GAM,,胜利 (Victory),150,1400,1550,亚洲 (Asia),Intra-StateWarData_v4.1.csv
IN931,Second Nepal Maoists,Intra-State War (国内战争-中央政府),4,2003-08-27,2006-04-26,Nepal,CPN,,妥协 (Compromise),1260,5770,7030,亚洲 (Asia),Intra-StateWarData_v4.1.csv
IN932,Waziristan,Intra-State War (国内战争-地方政府),5,2004-02-20,2006-09-05,United States; Pakistan,-8; Waziri tribes,,失败 (Defeat),1191,1792,2983,亚洲 (Asia),Intra-StateWarData_v4.1.csv
IN933,Second Nigeria Christian-Muslim,Intra-State War (国内战争-非政府),7,2004-03-01,2004-09-16,Christian Tarok,Muslim Fulani,,僵局 (Stalemate),-9,-9,-18,拉美 (Latin America),Intra-StateWarData_v4.1.csv
IN935,First Yemeni Cleric,Intra-State War (国内战争-中央政府),4,2004-06-21,2005-04-08,Yemen,Zaidi Muslims,,胜利 (Victory),900,1350,2250,中东/北非 (Middle East/North Africa),Intra-StateWarData_v4.1.csv
IN936,Philippine Joint Offensive,Intra-State War (国内战争-地方政府),5,2005-01-17,2006-07-11,Phillippines,MILF & NPA,,释放 (Released),723,2100,2823,亚洲 (Asia),Intra-StateWarData_v4.1.csv
IN937,Fifth Chad,Intra-State War (国内战争-中央政府),4,2005-12-18,2006-12-20,Chad,FUDC,,胜利 (Victory),100,1000,1100,拉美 (Latin America),Intra-StateWarData_v4.1.csv
IN938,Third Somalia,Intra-State War (国内战争-中央政府),4,2007-01-07,2007-06-03,United States; Somalia; Ethiopia; -8,-8; SCIC; -8; Eritrea,,胜利 (Victory),-35,-34,-69,拉美 (Latin America),Intra-StateWarData_v4.1.csv
IN940,Second Sri Lanka Tamil,Intra-State War (国内战争-地方政府),5,2006-10-11,-007-01-01,Sri Lanka,LTTE,,继续 (Ongoing),-9,-9,-18,亚洲 (Asia),Intra-StateWarData_v4.1.csv
IN941,Second Yemeni Cleric,Intra-State War (国内战争-中央政府),4,2007-01-29,2007-06-16,Yemen,Zaidi Muslims,,僵局 (Stalemate),1500,2000,3500,中东/北非 (Middle East/North Africa),Intra-StateWarData_v4.1.csv
